Full Name,Email,Course Number,CRN
Maria Gonzalez,mgonzalez@example.edu,PHARM 4301,11234
James Carter,jcarter@example.edu,PHARM 4301,11234
Sofia Ramirez,sramirez@example.edu,PHARM 4301,11234
Daniel Nguyen,dnguyen@example.edu,PHARM 4301,11234
Emily Johnson,ejohnson@example.edu,NURS 3310,22345
Luis Hernandez,lhernandez@example.edu,NURS 3310,22345
Aisha Patel,apatel@example.edu,NURS 3310,22345
Carlos De La Rosa,cdelarosa@example.edu,PT 5320,33456
Hannah Kim,hkim@example.edu,PT 5320,33456
Miguel Torres,mtorres@example.edu,PT 5320,33456
Maria Gonzalez,mgonzalez@example.edu,NURS 3310,22345
